ts,cpu_pct_total,ram_used_mb,ram_total_mb,ram_pct,sidecar_rss_mb,ollama_rss_mb,cpu_temp_c
1778358783.7430558,28.2,8327,18432,66.7,40,59,
1778358792.5073438,30.6,10353,18432,77.7,58,144,
1778358800.616607,18.3,10360,18432,77.7,58,146,
1778358808.813445,17.7,10420,18432,77.6,58,147,
1778358816.834135,16.0,10409,18432,77.5,58,147,
