ts,cpu_pct_total,ram_used_mb,ram_total_mb,ram_pct,sidecar_rss_mb,ollama_rss_mb,cpu_temp_c
1778361407.104127,8.9,5910,18432,78.6,39,48,
1778361416.5365062,14.6,9537,18432,81.6,52,371,
1778361424.541116,8.7,9556,18432,81.6,52,370,
1778361432.943443,13.8,9560,18432,81.6,52,370,
1778361441.195868,9.1,9545,18432,81.5,52,370,
