ts,cpu_pct_total,ram_used_mb,ram_total_mb,ram_pct,sidecar_rss_mb,ollama_rss_mb,cpu_temp_c
1778361400.820381,0.0,5960,18432,79.4,37,48,
1778361401.86013,19.2,5912,18432,79.1,39,48,
1778361402.90889,14.8,5886,18432,78.9,39,48,
1778361403.958343,23.9,5899,18432,79.0,39,48,
1778361405.007367,36.4,5926,18432,78.7,39,48,
1778361406.056287,4.8,5912,18432,78.6,39,48,
