ts,cpu_pct_total,ram_used_mb,ram_total_mb,ram_pct,sidecar_rss_mb,ollama_rss_mb,cpu_temp_c
1778358777.547252,33.5,8294,18432,67.2,40,59,
1778358778.569299,36.2,8251,18432,66.9,40,59,
1778358779.6114078,35.4,8247,18432,66.9,40,59,
1778358780.653693,25.1,8228,18432,66.8,40,59,
1778358781.6952488,27.7,8290,18432,67.1,40,59,
1778358782.723263,53.6,8337,18432,66.5,40,59,
